[
{
    "model": "products.product",
    "pk": 1,
    "fields": {
        "title": "hat",
        "slug": "hat",
        "description": "nice hat",
        "price": "9.99",
        "image": "products/1447672315/1447672315.JPG",
        "featured": false,
        "active": true,
        "timestamp": "2021-01-18T22:45:57.353Z"
    }
},
{
    "model": "products.product",
    "pk": 2,
    "fields": {
        "title": "t shirt",
        "slug": "t-shirt",
        "description": "nice t shirt 2",
        "price": "39.99",
        "image": "products/2962244393/2962244393.JPG",
        "featured": false,
        "active": true,
        "timestamp": "2021-01-18T22:45:57.353Z"
    }
},
{
    "model": "products.product",
    "pk": 3,
    "fields": {
        "title": "computer",
        "slug": "supercomputer",
        "description": "a powerful computer",
        "price": "999.99",
        "image": "products/1694938918/1694938918.JPG",
        "featured": true,
        "active": true,
        "timestamp": "2021-01-18T22:45:57.353Z"
    }
},
{
    "model": "products.product",
    "pk": 4,
    "fields": {
        "title": "t shirt",
        "slug": "t-shirt-7c7a",
        "description": "another t-shirt",
        "price": "29.99",
        "image": "products/1907490966/1907490966.JPG",
        "featured": false,
        "active": true,
        "timestamp": "2021-01-18T22:45:57.353Z"
    }
},
{
    "model": "tags.tag",
    "pk": 1,
    "fields": {
        "title": "t shirt",
        "slug": "tshirt-1",
        "timestamp": "2021-01-21T13:52:14.128Z",
        "active": true,
        "products": [
            2,
            4
        ]
    }
},
{
    "model": "tags.tag",
    "pk": 2,
    "fields": {
        "title": "Tshirt",
        "slug": "tshirt",
        "timestamp": "2021-01-21T13:52:42.489Z",
        "active": true,
        "products": [
            2,
            4
        ]
    }
},
{
    "model": "tags.tag",
    "pk": 3,
    "fields": {
        "title": "T-shirt",
        "slug": "t-shirt",
        "timestamp": "2021-01-21T13:53:22.467Z",
        "active": true,
        "products": [
            2,
            4
        ]
    }
},
{
    "model": "tags.tag",
    "pk": 4,
    "fields": {
        "title": "paglia",
        "slug": "paglia",
        "timestamp": "2021-01-21T13:54:05.610Z",
        "active": true,
        "products": [
            1
        ]
    }
},
{
    "model": "tags.tag",
    "pk": 5,
    "fields": {
        "title": "grey",
        "slug": "grey",
        "timestamp": "2021-01-21T13:54:13.819Z",
        "active": true,
        "products": [
            3
        ]
    }
},
{
    "model": "carts.cart",
    "pk": 47,
    "fields": {
        "user": 1,
        "total": "9.99",
        "subtotal": "9.99",
        "timestamp": "2021-03-17T22:41:56.945Z",
        "updated": "2021-03-17T22:41:50.821Z",
        "products": [
            1
        ]
    }
},
{
    "model": "carts.cart",
    "pk": 48,
    "fields": {
        "user": 1,
        "total": "39.99",
        "subtotal": "39.99",
        "timestamp": "2021-03-17T22:56:34.410Z",
        "updated": "2021-03-17T22:56:29.830Z",
        "products": [
            2
        ]
    }
},
{
    "model": "carts.cart",
    "pk": 49,
    "fields": {
        "user": 1,
        "total": "999.99",
        "subtotal": "999.99",
        "timestamp": "2021-03-18T23:22:29.276Z",
        "updated": "2021-03-17T23:00:56.140Z",
        "products": [
            3
        ]
    }
},
{
    "model": "carts.cart",
    "pk": 50,
    "fields": {
        "user": 1,
        "total": "9.99",
        "subtotal": "9.99",
        "timestamp": "2021-03-18T23:27:07.051Z",
        "updated": "2021-03-18T23:27:05.212Z",
        "products": [
            1
        ]
    }
},
{
    "model": "carts.cart",
    "pk": 51,
    "fields": {
        "user": 1,
        "total": "9.99",
        "subtotal": "9.99",
        "timestamp": "2021-03-18T23:30:16.247Z",
        "updated": "2021-03-18T23:28:50.477Z",
        "products": [
            1
        ]
    }
},
{
    "model": "carts.cart",
    "pk": 52,
    "fields": {
        "user": 1,
        "total": "9.99",
        "subtotal": "9.99",
        "timestamp": "2021-03-20T15:28:53.905Z",
        "updated": "2021-03-18T23:30:28.815Z",
        "products": [
            1
        ]
    }
},
{
    "model": "carts.cart",
    "pk": 53,
    "fields": {
        "user": 1,
        "total": "9.99",
        "subtotal": "9.99",
        "timestamp": "2021-03-20T15:53:08.843Z",
        "updated": "2021-03-20T15:53:07.675Z",
        "products": [
            1
        ]
    }
},
{
    "model": "carts.cart",
    "pk": 54,
    "fields": {
        "user": 1,
        "total": "9.99",
        "subtotal": "9.99",
        "timestamp": "2021-03-20T16:22:43.254Z",
        "updated": "2021-03-20T16:22:36.478Z",
        "products": [
            1
        ]
    }
},
{
    "model": "carts.cart",
    "pk": 55,
    "fields": {
        "user": 1,
        "total": "1049.97",
        "subtotal": "1049.97",
        "timestamp": "2021-03-20T16:23:32.739Z",
        "updated": "2021-03-20T16:22:56.885Z",
        "products": [
            1,
            2,
            3
        ]
    }
},
{
    "model": "carts.cart",
    "pk": 56,
    "fields": {
        "user": 1,
        "total": "49.98",
        "subtotal": "49.98",
        "timestamp": "2021-03-20T16:23:48.931Z",
        "updated": "2021-03-20T16:23:38.379Z",
        "products": [
            1,
            2
        ]
    }
},
{
    "model": "carts.cart",
    "pk": 57,
    "fields": {
        "user": 1,
        "total": "9.99",
        "subtotal": "9.99",
        "timestamp": "2023-10-21T21:53:17.965Z",
        "updated": "2023-10-21T21:53:15.478Z",
        "products": [
            1
        ]
    }
},
{
    "model": "carts.cart",
    "pk": 58,
    "fields": {
        "user": 1,
        "total": "12.19",
        "subtotal": "9.99",
        "timestamp": "2023-11-13T18:02:27.459Z",
        "updated": "2023-10-21T21:53:46.026Z",
        "products": [
            1
        ]
    }
},
{
    "model": "carts.cart",
    "pk": 59,
    "fields": {
        "user": null,
        "total": "0.00",
        "subtotal": "0.00",
        "timestamp": "2023-12-05T23:08:42.988Z",
        "updated": "2023-12-05T23:08:42.988Z",
        "products": []
    }
},
{
    "model": "orders.order",
    "pk": 43,
    "fields": {
        "billing_profile": 11,
        "order_id": "svwgbhrknm",
        "shipping_address": null,
        "billing_address": null,
        "cart": 47,
        "status": "created",
        "shipping_total": "5.99",
        "total": "15.98",
        "active": true
    }
},
{
    "model": "orders.order",
    "pk": 44,
    "fields": {
        "billing_profile": 11,
        "order_id": "vl90gvxacd",
        "shipping_address": null,
        "billing_address": null,
        "cart": 48,
        "status": "created",
        "shipping_total": "5.99",
        "total": "45.98",
        "active": true
    }
},
{
    "model": "orders.order",
    "pk": 45,
    "fields": {
        "billing_profile": 11,
        "order_id": "md8v6j21t1",
        "shipping_address": 1,
        "billing_address": 2,
        "cart": 49,
        "status": "created",
        "shipping_total": "5.99",
        "total": "1005.98",
        "active": true
    }
},
{
    "model": "orders.order",
    "pk": 46,
    "fields": {
        "billing_profile": 11,
        "order_id": "fmlq87t4wi",
        "shipping_address": 3,
        "billing_address": 4,
        "cart": 50,
        "status": "paid",
        "shipping_total": "5.99",
        "total": "15.98",
        "active": true
    }
},
{
    "model": "orders.order",
    "pk": 47,
    "fields": {
        "billing_profile": 11,
        "order_id": "rdek08g3ms",
        "shipping_address": 5,
        "billing_address": 6,
        "cart": 51,
        "status": "paid",
        "shipping_total": "5.99",
        "total": "15.98",
        "active": true
    }
},
{
    "model": "orders.order",
    "pk": 48,
    "fields": {
        "billing_profile": 11,
        "order_id": "86hucp9kie",
        "shipping_address": 4,
        "billing_address": null,
        "cart": 52,
        "status": "created",
        "shipping_total": "5.99",
        "total": "15.98",
        "active": true
    }
},
{
    "model": "orders.order",
    "pk": 49,
    "fields": {
        "billing_profile": 11,
        "order_id": "tjtxgj5uj6",
        "shipping_address": 2,
        "billing_address": 1,
        "cart": 53,
        "status": "paid",
        "shipping_total": "5.99",
        "total": "15.98",
        "active": true
    }
},
{
    "model": "orders.order",
    "pk": 50,
    "fields": {
        "billing_profile": 11,
        "order_id": "4tqzn18ix8",
        "shipping_address": 5,
        "billing_address": 2,
        "cart": 54,
        "status": "paid",
        "shipping_total": "5.99",
        "total": "15.98",
        "active": true
    }
},
{
    "model": "orders.order",
    "pk": 51,
    "fields": {
        "billing_profile": 11,
        "order_id": "g5nzmqia0r",
        "shipping_address": 1,
        "billing_address": 4,
        "cart": 55,
        "status": "paid",
        "shipping_total": "5.99",
        "total": "1055.96",
        "active": true
    }
},
{
    "model": "orders.order",
    "pk": 52,
    "fields": {
        "billing_profile": 11,
        "order_id": "d4mmhvchc7",
        "shipping_address": 6,
        "billing_address": 2,
        "cart": 56,
        "status": "paid",
        "shipping_total": "5.99",
        "total": "55.97",
        "active": true
    }
},
{
    "model": "orders.order",
    "pk": 53,
    "fields": {
        "billing_profile": 11,
        "order_id": "blhd80ewex",
        "shipping_address": 7,
        "billing_address": 8,
        "cart": 57,
        "status": "paid",
        "shipping_total": "5.99",
        "total": "15.98",
        "active": true
    }
},
{
    "model": "accounts.user",
    "pk": 1,
    "fields": {
        "password": "pbkdf2_sha256$600000$pGcn0rkt00FsTLEimv99ja$dRuRgeroirLpmQdnF+8x07wmCLIaYwRWq+J+h6+rM+A=",
        "last_login": null,
        "email": "tommaso@dev.it",
        "active": true,
        "staff": false,
        "admin": true,
        "timestamp": "2023-12-09T11:50:52.316Z"
    }
},
{
    "model": "accounts.user",
    "pk": 2,
    "fields": {
        "password": "pbkdf2_sha256$600000$BNjiXrwuyAqy3wpNzLnhD9$H4BP7qLqSx6D1NXFWAwtzLOttJiWQzaCM7NLFlXq/9E=",
        "last_login": null,
        "email": "tommaso91@dev.it",
        "active": true,
        "staff": false,
        "admin": true,
        "timestamp": "2023-12-09T11:54:39.263Z"
    }
},
{
    "model": "accounts.guestemail",
    "pk": 8,
    "fields": {
        "email": "ciccio@gmail.com",
        "active": true,
        "update": "2021-02-13T14:58:23.301Z",
        "timestamp": "2021-02-13T14:58:23.301Z"
    }
},
{
    "model": "accounts.guestemail",
    "pk": 9,
    "fields": {
        "email": "cicco@virgilio.it",
        "active": true,
        "update": "2021-02-13T15:14:56.216Z",
        "timestamp": "2021-02-13T15:14:56.216Z"
    }
},
{
    "model": "accounts.guestemail",
    "pk": 10,
    "fields": {
        "email": "one91@virgilio.it",
        "active": true,
        "update": "2021-02-13T16:44:58.376Z",
        "timestamp": "2021-02-13T16:44:58.376Z"
    }
},
{
    "model": "accounts.guestemail",
    "pk": 11,
    "fields": {
        "email": "tommy.sansone@virgilio.it",
        "active": true,
        "update": "2021-02-13T16:47:13.401Z",
        "timestamp": "2021-02-13T16:47:13.401Z"
    }
},
{
    "model": "accounts.guestemail",
    "pk": 12,
    "fields": {
        "email": "ciccio@gmail.com",
        "active": true,
        "update": "2021-02-13T16:49:48.227Z",
        "timestamp": "2021-02-13T16:49:48.227Z"
    }
},
{
    "model": "accounts.guestemail",
    "pk": 13,
    "fields": {
        "email": "ciccio@gmail.com",
        "active": true,
        "update": "2021-02-13T18:09:04.232Z",
        "timestamp": "2021-02-13T18:09:04.233Z"
    }
},
{
    "model": "billing.billingprofile",
    "pk": 11,
    "fields": {
        "user": 1,
        "email": "",
        "active": true,
        "update": "2021-02-13T14:54:09.621Z",
        "timestamp": "2021-02-13T14:54:09.621Z"
    }
},
{
    "model": "billing.billingprofile",
    "pk": 12,
    "fields": {
        "user": null,
        "email": "ciccio@gmail.com",
        "active": true,
        "update": "2021-02-13T14:58:23.828Z",
        "timestamp": "2021-02-13T14:58:23.828Z"
    }
},
{
    "model": "billing.billingprofile",
    "pk": 13,
    "fields": {
        "user": null,
        "email": "cicco@virgilio.it",
        "active": true,
        "update": "2021-02-13T15:14:56.445Z",
        "timestamp": "2021-02-13T15:14:56.445Z"
    }
},
{
    "model": "billing.billingprofile",
    "pk": 14,
    "fields": {
        "user": null,
        "email": "one91@virgilio.it",
        "active": true,
        "update": "2021-02-13T16:44:58.655Z",
        "timestamp": "2021-02-13T16:44:58.655Z"
    }
},
{
    "model": "billing.billingprofile",
    "pk": 15,
    "fields": {
        "user": null,
        "email": "tommy.sansone@virgilio.it",
        "active": true,
        "update": "2021-02-13T16:47:13.792Z",
        "timestamp": "2021-02-13T16:47:13.792Z"
    }
},
{
    "model": "billing.billingprofile",
    "pk": 16,
    "fields": {
        "user": 2,
        "email": "tommaso91@dev.it",
        "active": true,
        "update": "2023-12-09T11:54:39.271Z",
        "timestamp": "2023-12-09T11:54:39.272Z"
    }
},
{
    "model": "addresses.address",
    "pk": 1,
    "fields": {
        "billing_profile": 11,
        "address_type": "shipping",
        "address_line_1": "via Francesco Albani, 29",
        "address_line_2": null,
        "city": "Milano",
        "country": "Italia",
        "state": "Milano",
        "postal_code": "20148"
    }
},
{
    "model": "addresses.address",
    "pk": 2,
    "fields": {
        "billing_profile": 11,
        "address_type": "billing",
        "address_line_1": "via Francesco Albani, 29",
        "address_line_2": null,
        "city": "Milano",
        "country": "Italia",
        "state": "Milano",
        "postal_code": "20148"
    }
},
{
    "model": "addresses.address",
    "pk": 3,
    "fields": {
        "billing_profile": 11,
        "address_type": "shipping",
        "address_line_1": "via Francesco Albani, 29",
        "address_line_2": null,
        "city": "Milano",
        "country": "Italia",
        "state": "Milano",
        "postal_code": "20148"
    }
},
{
    "model": "addresses.address",
    "pk": 4,
    "fields": {
        "billing_profile": 11,
        "address_type": "billing",
        "address_line_1": "via Francesco Albani, 29",
        "address_line_2": null,
        "city": "Milano",
        "country": "Italia",
        "state": "Milano",
        "postal_code": "20148"
    }
},
{
    "model": "addresses.address",
    "pk": 5,
    "fields": {
        "billing_profile": 11,
        "address_type": "shipping",
        "address_line_1": "via Francesco Albani, 29",
        "address_line_2": null,
        "city": "Milano",
        "country": "Italia",
        "state": "Milano",
        "postal_code": "20148"
    }
},
{
    "model": "addresses.address",
    "pk": 6,
    "fields": {
        "billing_profile": 11,
        "address_type": "billing",
        "address_line_1": "via Francesco Albani, 29",
        "address_line_2": null,
        "city": "Milano",
        "country": "Italia",
        "state": "Milano",
        "postal_code": "20148"
    }
},
{
    "model": "addresses.address",
    "pk": 7,
    "fields": {
        "billing_profile": 11,
        "address_type": "shipping",
        "address_line_1": "Via Francesco Albani 29",
        "address_line_2": null,
        "city": "Milano",
        "country": "Italy",
        "state": "Milano",
        "postal_code": "20148"
    }
},
{
    "model": "addresses.address",
    "pk": 8,
    "fields": {
        "billing_profile": 11,
        "address_type": "billing",
        "address_line_1": "Via Francesco Albani 29",
        "address_line_2": null,
        "city": "Milano",
        "country": "Italy",
        "state": "Milano",
        "postal_code": "20148"
    }
},
{
    "model": "admin.logentry",
    "pk": 1,
    "fields": {
        "action_time": "2021-01-06T11:24:10.040Z",
        "user": 1,
        "content_type": 7,
        "object_id": "1",
        "object_repr": "Product object (1)",
        "action_flag": 1,
        "change_message": "[{\"added\": {}}]"
    }
},
{
    "model": "admin.logentry",
    "pk": 2,
    "fields": {
        "action_time": "2021-01-06T11:24:39.001Z",
        "user": 1,
        "content_type": 7,
        "object_id": "2",
        "object_repr": "Product object (2)",
        "action_flag": 1,
        "change_message": "[{\"added\": {}}]"
    }
},
{
    "model": "admin.logentry",
    "pk": 3,
    "fields": {
        "action_time": "2021-01-07T22:38:00.025Z",
        "user": 1,
        "content_type": 7,
        "object_id": "2",
        "object_repr": "Hat",
        "action_flag": 2,
        "change_message": "[{\"changed\": {\"fields\": [\"Image\"]}}]"
    }
},
{
    "model": "admin.logentry",
    "pk": 4,
    "fields": {
        "action_time": "2021-01-08T00:21:55.764Z",
        "user": 1,
        "content_type": 7,
        "object_id": "2",
        "object_repr": "Hat",
        "action_flag": 2,
        "change_message": "[{\"changed\": {\"fields\": [\"Image\"]}}]"
    }
},
{
    "model": "admin.logentry",
    "pk": 5,
    "fields": {
        "action_time": "2021-01-08T00:24:06.060Z",
        "user": 1,
        "content_type": 7,
        "object_id": "2",
        "object_repr": "Hat",
        "action_flag": 3,
        "change_message": ""
    }
},
{
    "model": "admin.logentry",
    "pk": 6,
    "fields": {
        "action_time": "2021-01-08T00:24:06.178Z",
        "user": 1,
        "content_type": 7,
        "object_id": "1",
        "object_repr": "T-shirt",
        "action_flag": 3,
        "change_message": ""
    }
},
{
    "model": "admin.logentry",
    "pk": 7,
    "fields": {
        "action_time": "2021-01-08T00:25:59.822Z",
        "user": 1,
        "content_type": 7,
        "object_id": "1",
        "object_repr": "hat",
        "action_flag": 1,
        "change_message": "[{\"added\": {}}]"
    }
},
{
    "model": "admin.logentry",
    "pk": 8,
    "fields": {
        "action_time": "2021-01-08T00:26:11.869Z",
        "user": 1,
        "content_type": 7,
        "object_id": "2",
        "object_repr": "t shirt",
        "action_flag": 1,
        "change_message": "[{\"added\": {}}]"
    }
},
{
    "model": "admin.logentry",
    "pk": 9,
    "fields": {
        "action_time": "2021-01-08T00:35:51.318Z",
        "user": 1,
        "content_type": 7,
        "object_id": "1",
        "object_repr": "hat",
        "action_flag": 2,
        "change_message": "[{\"changed\": {\"fields\": [\"Image\"]}}]"
    }
},
{
    "model": "admin.logentry",
    "pk": 10,
    "fields": {
        "action_time": "2021-01-08T11:44:14.840Z",
        "user": 1,
        "content_type": 7,
        "object_id": "2",
        "object_repr": "t shirt",
        "action_flag": 2,
        "change_message": "[{\"changed\": {\"fields\": [\"Image\"]}}]"
    }
},
{
    "model": "admin.logentry",
    "pk": 11,
    "fields": {
        "action_time": "2021-01-11T22:29:54.263Z",
        "user": 1,
        "content_type": 7,
        "object_id": "3",
        "object_repr": "computer",
        "action_flag": 1,
        "change_message": "[{\"added\": {}}]"
    }
},
{
    "model": "admin.logentry",
    "pk": 12,
    "fields": {
        "action_time": "2021-01-16T22:06:01.367Z",
        "user": 1,
        "content_type": 7,
        "object_id": "3",
        "object_repr": "computer",
        "action_flag": 2,
        "change_message": "[{\"changed\": {\"fields\": [\"Slug\"]}}]"
    }
},
{
    "model": "admin.logentry",
    "pk": 13,
    "fields": {
        "action_time": "2021-01-16T22:24:52.252Z",
        "user": 1,
        "content_type": 7,
        "object_id": "2",
        "object_repr": "t shirt",
        "action_flag": 2,
        "change_message": "[{\"changed\": {\"fields\": [\"Slug\"]}}]"
    }
},
{
    "model": "admin.logentry",
    "pk": 14,
    "fields": {
        "action_time": "2021-01-16T22:24:59.013Z",
        "user": 1,
        "content_type": 7,
        "object_id": "1",
        "object_repr": "hat",
        "action_flag": 2,
        "change_message": "[{\"changed\": {\"fields\": [\"Slug\"]}}]"
    }
},
{
    "model": "admin.logentry",
    "pk": 15,
    "fields": {
        "action_time": "2021-01-16T22:45:29.967Z",
        "user": 1,
        "content_type": 7,
        "object_id": "4",
        "object_repr": "t shirt",
        "action_flag": 1,
        "change_message": "[{\"added\": {}}]"
    }
},
{
    "model": "admin.logentry",
    "pk": 16,
    "fields": {
        "action_time": "2021-01-21T13:52:14.155Z",
        "user": 1,
        "content_type": 8,
        "object_id": "1",
        "object_repr": "t shirt",
        "action_flag": 1,
        "change_message": "[{\"added\": {}}]"
    }
},
{
    "model": "admin.logentry",
    "pk": 17,
    "fields": {
        "action_time": "2021-01-21T13:52:42.606Z",
        "user": 1,
        "content_type": 8,
        "object_id": "2",
        "object_repr": "Tshirt",
        "action_flag": 1,
        "change_message": "[{\"added\": {}}]"
    }
},
{
    "model": "admin.logentry",
    "pk": 18,
    "fields": {
        "action_time": "2021-01-21T13:53:22.492Z",
        "user": 1,
        "content_type": 8,
        "object_id": "3",
        "object_repr": "T-shirt",
        "action_flag": 1,
        "change_message": "[{\"added\": {}}]"
    }
},
{
    "model": "admin.logentry",
    "pk": 19,
    "fields": {
        "action_time": "2021-01-21T13:54:05.643Z",
        "user": 1,
        "content_type": 8,
        "object_id": "4",
        "object_repr": "paglia",
        "action_flag": 1,
        "change_message": "[{\"added\": {}}]"
    }
},
{
    "model": "admin.logentry",
    "pk": 20,
    "fields": {
        "action_time": "2021-01-21T13:54:13.852Z",
        "user": 1,
        "content_type": 8,
        "object_id": "5",
        "object_repr": "grey",
        "action_flag": 1,
        "change_message": "[{\"added\": {}}]"
    }
},
{
    "model": "admin.logentry",
    "pk": 21,
    "fields": {
        "action_time": "2021-01-22T16:44:37.470Z",
        "user": 1,
        "content_type": 9,
        "object_id": "1",
        "object_repr": "1",
        "action_flag": 2,
        "change_message": "[{\"changed\": {\"fields\": [\"Products\"]}}]"
    }
},
{
    "model": "admin.logentry",
    "pk": 22,
    "fields": {
        "action_time": "2021-01-22T16:44:41.311Z",
        "user": 1,
        "content_type": 9,
        "object_id": "2",
        "object_repr": "2",
        "action_flag": 1,
        "change_message": "[{\"added\": {}}]"
    }
},
{
    "model": "admin.logentry",
    "pk": 23,
    "fields": {
        "action_time": "2021-01-22T23:57:57.687Z",
        "user": 1,
        "content_type": 9,
        "object_id": "2",
        "object_repr": "2",
        "action_flag": 2,
        "change_message": "[]"
    }
},
{
    "model": "admin.logentry",
    "pk": 24,
    "fields": {
        "action_time": "2021-01-22T23:58:26.895Z",
        "user": 1,
        "content_type": 9,
        "object_id": "30",
        "object_repr": "30",
        "action_flag": 3,
        "change_message": ""
    }
},
{
    "model": "admin.logentry",
    "pk": 25,
    "fields": {
        "action_time": "2021-01-22T23:58:27.050Z",
        "user": 1,
        "content_type": 9,
        "object_id": "29",
        "object_repr": "29",
        "action_flag": 3,
        "change_message": ""
    }
},
{
    "model": "admin.logentry",
    "pk": 26,
    "fields": {
        "action_time": "2021-01-22T23:58:27.141Z",
        "user": 1,
        "content_type": 9,
        "object_id": "28",
        "object_repr": "28",
        "action_flag": 3,
        "change_message": ""
    }
},
{
    "model": "admin.logentry",
    "pk": 27,
    "fields": {
        "action_time": "2021-01-22T23:58:27.216Z",
        "user": 1,
        "content_type": 9,
        "object_id": "27",
        "object_repr": "27",
        "action_flag": 3,
        "change_message": ""
    }
},
{
    "model": "admin.logentry",
    "pk": 28,
    "fields": {
        "action_time": "2021-01-22T23:58:27.307Z",
        "user": 1,
        "content_type": 9,
        "object_id": "26",
        "object_repr": "26",
        "action_flag": 3,
        "change_message": ""
    }
},
{
    "model": "admin.logentry",
    "pk": 29,
    "fields": {
        "action_time": "2021-01-22T23:58:27.391Z",
        "user": 1,
        "content_type": 9,
        "object_id": "25",
        "object_repr": "25",
        "action_flag": 3,
        "change_message": ""
    }
},
{
    "model": "admin.logentry",
    "pk": 30,
    "fields": {
        "action_time": "2021-01-22T23:58:27.474Z",
        "user": 1,
        "content_type": 9,
        "object_id": "24",
        "object_repr": "24",
        "action_flag": 3,
        "change_message": ""
    }
},
{
    "model": "admin.logentry",
    "pk": 31,
    "fields": {
        "action_time": "2021-01-22T23:58:27.620Z",
        "user": 1,
        "content_type": 9,
        "object_id": "23",
        "object_repr": "23",
        "action_flag": 3,
        "change_message": ""
    }
},
{
    "model": "admin.logentry",
    "pk": 32,
    "fields": {
        "action_time": "2021-01-22T23:58:27.690Z",
        "user": 1,
        "content_type": 9,
        "object_id": "22",
        "object_repr": "22",
        "action_flag": 3,
        "change_message": ""
    }
},
{
    "model": "admin.logentry",
    "pk": 33,
    "fields": {
        "action_time": "2021-01-22T23:58:27.774Z",
        "user": 1,
        "content_type": 9,
        "object_id": "21",
        "object_repr": "21",
        "action_flag": 3,
        "change_message": ""
    }
},
{
    "model": "admin.logentry",
    "pk": 34,
    "fields": {
        "action_time": "2021-01-22T23:58:27.917Z",
        "user": 1,
        "content_type": 9,
        "object_id": "20",
        "object_repr": "20",
        "action_flag": 3,
        "change_message": ""
    }
},
{
    "model": "admin.logentry",
    "pk": 35,
    "fields": {
        "action_time": "2021-01-22T23:58:28.007Z",
        "user": 1,
        "content_type": 9,
        "object_id": "19",
        "object_repr": "19",
        "action_flag": 3,
        "change_message": ""
    }
},
{
    "model": "admin.logentry",
    "pk": 36,
    "fields": {
        "action_time": "2021-01-22T23:58:28.083Z",
        "user": 1,
        "content_type": 9,
        "object_id": "18",
        "object_repr": "18",
        "action_flag": 3,
        "change_message": ""
    }
},
{
    "model": "admin.logentry",
    "pk": 37,
    "fields": {
        "action_time": "2021-01-22T23:58:28.199Z",
        "user": 1,
        "content_type": 9,
        "object_id": "17",
        "object_repr": "17",
        "action_flag": 3,
        "change_message": ""
    }
},
{
    "model": "admin.logentry",
    "pk": 38,
    "fields": {
        "action_time": "2021-01-22T23:58:28.366Z",
        "user": 1,
        "content_type": 9,
        "object_id": "16",
        "object_repr": "16",
        "action_flag": 3,
        "change_message": ""
    }
},
{
    "model": "admin.logentry",
    "pk": 39,
    "fields": {
        "action_time": "2021-01-22T23:58:28.457Z",
        "user": 1,
        "content_type": 9,
        "object_id": "15",
        "object_repr": "15",
        "action_flag": 3,
        "change_message": ""
    }
},
{
    "model": "admin.logentry",
    "pk": 40,
    "fields": {
        "action_time": "2021-01-22T23:58:28.549Z",
        "user": 1,
        "content_type": 9,
        "object_id": "14",
        "object_repr": "14",
        "action_flag": 3,
        "change_message": ""
    }
},
{
    "model": "admin.logentry",
    "pk": 41,
    "fields": {
        "action_time": "2021-01-22T23:58:28.641Z",
        "user": 1,
        "content_type": 9,
        "object_id": "13",
        "object_repr": "13",
        "action_flag": 3,
        "change_message": ""
    }
},
{
    "model": "admin.logentry",
    "pk": 42,
    "fields": {
        "action_time": "2021-01-22T23:58:28.724Z",
        "user": 1,
        "content_type": 9,
        "object_id": "12",
        "object_repr": "12",
        "action_flag": 3,
        "change_message": ""
    }
},
{
    "model": "admin.logentry",
    "pk": 43,
    "fields": {
        "action_time": "2021-01-22T23:58:28.841Z",
        "user": 1,
        "content_type": 9,
        "object_id": "11",
        "object_repr": "11",
        "action_flag": 3,
        "change_message": ""
    }
},
{
    "model": "admin.logentry",
    "pk": 44,
    "fields": {
        "action_time": "2021-01-22T23:58:28.952Z",
        "user": 1,
        "content_type": 9,
        "object_id": "10",
        "object_repr": "10",
        "action_flag": 3,
        "change_message": ""
    }
},
{
    "model": "admin.logentry",
    "pk": 45,
    "fields": {
        "action_time": "2021-01-22T23:58:29.107Z",
        "user": 1,
        "content_type": 9,
        "object_id": "9",
        "object_repr": "9",
        "action_flag": 3,
        "change_message": ""
    }
},
{
    "model": "admin.logentry",
    "pk": 46,
    "fields": {
        "action_time": "2021-01-22T23:58:29.182Z",
        "user": 1,
        "content_type": 9,
        "object_id": "8",
        "object_repr": "8",
        "action_flag": 3,
        "change_message": ""
    }
},
{
    "model": "admin.logentry",
    "pk": 47,
    "fields": {
        "action_time": "2021-01-22T23:58:29.277Z",
        "user": 1,
        "content_type": 9,
        "object_id": "7",
        "object_repr": "7",
        "action_flag": 3,
        "change_message": ""
    }
},
{
    "model": "admin.logentry",
    "pk": 48,
    "fields": {
        "action_time": "2021-01-22T23:58:29.357Z",
        "user": 1,
        "content_type": 9,
        "object_id": "6",
        "object_repr": "6",
        "action_flag": 3,
        "change_message": ""
    }
},
{
    "model": "admin.logentry",
    "pk": 49,
    "fields": {
        "action_time": "2021-01-22T23:58:29.440Z",
        "user": 1,
        "content_type": 9,
        "object_id": "5",
        "object_repr": "5",
        "action_flag": 3,
        "change_message": ""
    }
},
{
    "model": "admin.logentry",
    "pk": 50,
    "fields": {
        "action_time": "2021-01-22T23:58:29.519Z",
        "user": 1,
        "content_type": 9,
        "object_id": "4",
        "object_repr": "4",
        "action_flag": 3,
        "change_message": ""
    }
},
{
    "model": "admin.logentry",
    "pk": 51,
    "fields": {
        "action_time": "2021-01-22T23:58:29.649Z",
        "user": 1,
        "content_type": 9,
        "object_id": "3",
        "object_repr": "3",
        "action_flag": 3,
        "change_message": ""
    }
},
{
    "model": "admin.logentry",
    "pk": 52,
    "fields": {
        "action_time": "2021-01-22T23:58:37.551Z",
        "user": 1,
        "content_type": 9,
        "object_id": "2",
        "object_repr": "2",
        "action_flag": 2,
        "change_message": "[{\"changed\": {\"fields\": [\"Products\"]}}]"
    }
},
{
    "model": "admin.logentry",
    "pk": 53,
    "fields": {
        "action_time": "2021-01-22T23:58:52.249Z",
        "user": 1,
        "content_type": 9,
        "object_id": "1",
        "object_repr": "1",
        "action_flag": 3,
        "change_message": ""
    }
},
{
    "model": "admin.logentry",
    "pk": 54,
    "fields": {
        "action_time": "2021-01-22T23:58:56.971Z",
        "user": 1,
        "content_type": 9,
        "object_id": "2",
        "object_repr": "2",
        "action_flag": 3,
        "change_message": ""
    }
},
{
    "model": "admin.logentry",
    "pk": 55,
    "fields": {
        "action_time": "2021-01-23T00:03:09.841Z",
        "user": 1,
        "content_type": 9,
        "object_id": "31",
        "object_repr": "31",
        "action_flag": 1,
        "change_message": "[{\"added\": {}}]"
    }
},
{
    "model": "admin.logentry",
    "pk": 56,
    "fields": {
        "action_time": "2021-01-23T00:05:37.978Z",
        "user": 1,
        "content_type": 9,
        "object_id": "32",
        "object_repr": "32",
        "action_flag": 1,
        "change_message": "[{\"added\": {}}]"
    }
},
{
    "model": "admin.logentry",
    "pk": 57,
    "fields": {
        "action_time": "2021-01-23T00:17:01.084Z",
        "user": 1,
        "content_type": 9,
        "object_id": "32",
        "object_repr": "32",
        "action_flag": 3,
        "change_message": ""
    }
},
{
    "model": "admin.logentry",
    "pk": 58,
    "fields": {
        "action_time": "2021-01-23T00:17:01.192Z",
        "user": 1,
        "content_type": 9,
        "object_id": "31",
        "object_repr": "31",
        "action_flag": 3,
        "change_message": ""
    }
},
{
    "model": "admin.logentry",
    "pk": 59,
    "fields": {
        "action_time": "2021-01-23T00:17:09.156Z",
        "user": 1,
        "content_type": 9,
        "object_id": "33",
        "object_repr": "33",
        "action_flag": 1,
        "change_message": "[{\"added\": {}}]"
    }
},
{
    "model": "admin.logentry",
    "pk": 60,
    "fields": {
        "action_time": "2021-01-23T00:20:25.910Z",
        "user": 1,
        "content_type": 9,
        "object_id": "33",
        "object_repr": "33",
        "action_flag": 3,
        "change_message": ""
    }
},
{
    "model": "admin.logentry",
    "pk": 61,
    "fields": {
        "action_time": "2021-01-23T00:21:15.606Z",
        "user": 1,
        "content_type": 9,
        "object_id": "34",
        "object_repr": "34",
        "action_flag": 1,
        "change_message": "[{\"added\": {}}]"
    }
},
{
    "model": "admin.logentry",
    "pk": 62,
    "fields": {
        "action_time": "2021-01-23T00:21:44.935Z",
        "user": 1,
        "content_type": 9,
        "object_id": "34",
        "object_repr": "34",
        "action_flag": 3,
        "change_message": ""
    }
},
{
    "model": "admin.logentry",
    "pk": 63,
    "fields": {
        "action_time": "2021-01-23T00:47:15.897Z",
        "user": 1,
        "content_type": 9,
        "object_id": "1",
        "object_repr": "1",
        "action_flag": 1,
        "change_message": "[{\"added\": {}}]"
    }
},
{
    "model": "admin.logentry",
    "pk": 64,
    "fields": {
        "action_time": "2021-01-23T00:47:21.582Z",
        "user": 1,
        "content_type": 9,
        "object_id": "2",
        "object_repr": "2",
        "action_flag": 1,
        "change_message": "[{\"added\": {}}]"
    }
},
{
    "model": "admin.logentry",
    "pk": 65,
    "fields": {
        "action_time": "2021-01-23T00:55:55.592Z",
        "user": 1,
        "content_type": 9,
        "object_id": "1",
        "object_repr": "1",
        "action_flag": 2,
        "change_message": "[]"
    }
},
{
    "model": "admin.logentry",
    "pk": 66,
    "fields": {
        "action_time": "2021-01-23T00:56:12.882Z",
        "user": 1,
        "content_type": 9,
        "object_id": "3",
        "object_repr": "3",
        "action_flag": 2,
        "change_message": "[{\"changed\": {\"fields\": [\"Products\"]}}]"
    }
},
{
    "model": "admin.logentry",
    "pk": 67,
    "fields": {
        "action_time": "2021-01-23T00:56:17.188Z",
        "user": 1,
        "content_type": 9,
        "object_id": "2",
        "object_repr": "2",
        "action_flag": 2,
        "change_message": "[]"
    }
},
{
    "model": "admin.logentry",
    "pk": 68,
    "fields": {
        "action_time": "2021-01-23T01:02:26.484Z",
        "user": 1,
        "content_type": 9,
        "object_id": "2",
        "object_repr": "2",
        "action_flag": 3,
        "change_message": ""
    }
},
{
    "model": "admin.logentry",
    "pk": 69,
    "fields": {
        "action_time": "2021-01-23T01:02:26.603Z",
        "user": 1,
        "content_type": 9,
        "object_id": "1",
        "object_repr": "1",
        "action_flag": 3,
        "change_message": ""
    }
},
{
    "model": "admin.logentry",
    "pk": 70,
    "fields": {
        "action_time": "2021-01-23T01:02:32.804Z",
        "user": 1,
        "content_type": 9,
        "object_id": "4",
        "object_repr": "4",
        "action_flag": 1,
        "change_message": "[{\"added\": {}}]"
    }
},
{
    "model": "admin.logentry",
    "pk": 71,
    "fields": {
        "action_time": "2021-01-23T01:02:37.386Z",
        "user": 1,
        "content_type": 9,
        "object_id": "5",
        "object_repr": "5",
        "action_flag": 1,
        "change_message": "[{\"added\": {}}]"
    }
},
{
    "model": "admin.logentry",
    "pk": 72,
    "fields": {
        "action_time": "2021-01-23T01:02:40.955Z",
        "user": 1,
        "content_type": 9,
        "object_id": "6",
        "object_repr": "6",
        "action_flag": 1,
        "change_message": "[{\"added\": {}}]"
    }
},
{
    "model": "admin.logentry",
    "pk": 73,
    "fields": {
        "action_time": "2021-01-23T01:02:42.318Z",
        "user": 1,
        "content_type": 9,
        "object_id": "7",
        "object_repr": "7",
        "action_flag": 1,
        "change_message": "[{\"added\": {}}]"
    }
},
{
    "model": "admin.logentry",
    "pk": 74,
    "fields": {
        "action_time": "2021-01-23T01:03:28.070Z",
        "user": 1,
        "content_type": 9,
        "object_id": "7",
        "object_repr": "7",
        "action_flag": 2,
        "change_message": "[{\"changed\": {\"fields\": [\"User\"]}}]"
    }
},
{
    "model": "admin.logentry",
    "pk": 75,
    "fields": {
        "action_time": "2021-01-23T01:10:39.884Z",
        "user": 1,
        "content_type": 9,
        "object_id": "7",
        "object_repr": "7",
        "action_flag": 2,
        "change_message": "[]"
    }
},
{
    "model": "admin.logentry",
    "pk": 76,
    "fields": {
        "action_time": "2021-01-23T01:10:44.461Z",
        "user": 1,
        "content_type": 9,
        "object_id": "6",
        "object_repr": "6",
        "action_flag": 2,
        "change_message": "[{\"changed\": {\"fields\": [\"User\"]}}]"
    }
},
{
    "model": "admin.logentry",
    "pk": 77,
    "fields": {
        "action_time": "2021-01-23T01:10:49.639Z",
        "user": 1,
        "content_type": 9,
        "object_id": "5",
        "object_repr": "5",
        "action_flag": 2,
        "change_message": "[{\"changed\": {\"fields\": [\"User\"]}}]"
    }
},
{
    "model": "admin.logentry",
    "pk": 78,
    "fields": {
        "action_time": "2021-01-23T01:10:53.669Z",
        "user": 1,
        "content_type": 9,
        "object_id": "4",
        "object_repr": "4",
        "action_flag": 2,
        "change_message": "[{\"changed\": {\"fields\": [\"User\"]}}]"
    }
},
{
    "model": "admin.logentry",
    "pk": 79,
    "fields": {
        "action_time": "2021-01-23T01:10:57.954Z",
        "user": 1,
        "content_type": 9,
        "object_id": "3",
        "object_repr": "3",
        "action_flag": 2,
        "change_message": "[]"
    }
},
{
    "model": "admin.logentry",
    "pk": 80,
    "fields": {
        "action_time": "2021-01-23T01:12:10.664Z",
        "user": 1,
        "content_type": 9,
        "object_id": "7",
        "object_repr": "7",
        "action_flag": 3,
        "change_message": ""
    }
},
{
    "model": "admin.logentry",
    "pk": 81,
    "fields": {
        "action_time": "2021-01-23T01:12:10.815Z",
        "user": 1,
        "content_type": 9,
        "object_id": "6",
        "object_repr": "6",
        "action_flag": 3,
        "change_message": ""
    }
},
{
    "model": "admin.logentry",
    "pk": 82,
    "fields": {
        "action_time": "2021-01-23T01:12:10.898Z",
        "user": 1,
        "content_type": 9,
        "object_id": "5",
        "object_repr": "5",
        "action_flag": 3,
        "change_message": ""
    }
},
{
    "model": "admin.logentry",
    "pk": 83,
    "fields": {
        "action_time": "2021-01-23T01:12:10.997Z",
        "user": 1,
        "content_type": 9,
        "object_id": "4",
        "object_repr": "4",
        "action_flag": 3,
        "change_message": ""
    }
},
{
    "model": "admin.logentry",
    "pk": 84,
    "fields": {
        "action_time": "2021-01-23T01:12:47.813Z",
        "user": 1,
        "content_type": 9,
        "object_id": "8",
        "object_repr": "8",
        "action_flag": 2,
        "change_message": "[{\"changed\": {\"fields\": [\"Products\"]}}]"
    }
},
{
    "model": "admin.logentry",
    "pk": 85,
    "fields": {
        "action_time": "2021-01-23T18:08:03.564Z",
        "user": 1,
        "content_type": 9,
        "object_id": "8",
        "object_repr": "8",
        "action_flag": 2,
        "change_message": "[{\"changed\": {\"fields\": [\"Products\"]}}]"
    }
},
{
    "model": "admin.logentry",
    "pk": 86,
    "fields": {
        "action_time": "2021-01-23T18:08:12.082Z",
        "user": 1,
        "content_type": 9,
        "object_id": "8",
        "object_repr": "8",
        "action_flag": 2,
        "change_message": "[{\"changed\": {\"fields\": [\"Products\"]}}]"
    }
},
{
    "model": "admin.logentry",
    "pk": 87,
    "fields": {
        "action_time": "2021-01-23T21:59:57.359Z",
        "user": 1,
        "content_type": 9,
        "object_id": "8",
        "object_repr": "8",
        "action_flag": 2,
        "change_message": "[{\"changed\": {\"fields\": [\"Products\"]}}]"
    }
},
{
    "model": "admin.logentry",
    "pk": 88,
    "fields": {
        "action_time": "2021-01-23T22:00:28.476Z",
        "user": 1,
        "content_type": 9,
        "object_id": "8",
        "object_repr": "8",
        "action_flag": 2,
        "change_message": "[{\"changed\": {\"fields\": [\"Products\"]}}]"
    }
},
{
    "model": "admin.logentry",
    "pk": 89,
    "fields": {
        "action_time": "2021-01-27T16:05:21.016Z",
        "user": 1,
        "content_type": 10,
        "object_id": "1",
        "object_repr": "sthsgnsdbttttt",
        "action_flag": 1,
        "change_message": "[{\"added\": {}}]"
    }
},
{
    "model": "admin.logentry",
    "pk": 90,
    "fields": {
        "action_time": "2021-01-27T16:05:27.571Z",
        "user": 1,
        "content_type": 10,
        "object_id": "1",
        "object_repr": "sthsgnsdbttttt",
        "action_flag": 3,
        "change_message": ""
    }
},
{
    "model": "admin.logentry",
    "pk": 91,
    "fields": {
        "action_time": "2021-01-27T16:18:16.207Z",
        "user": 1,
        "content_type": 10,
        "object_id": "2",
        "object_repr": "setgbffffff",
        "action_flag": 1,
        "change_message": "[{\"added\": {}}]"
    }
},
{
    "model": "admin.logentry",
    "pk": 92,
    "fields": {
        "action_time": "2021-01-27T16:18:35.232Z",
        "user": 1,
        "content_type": 10,
        "object_id": "2",
        "object_repr": "setgbffffff",
        "action_flag": 2,
        "change_message": "[{\"changed\": {\"fields\": [\"Cart\"]}}]"
    }
},
{
    "model": "admin.logentry",
    "pk": 93,
    "fields": {
        "action_time": "2021-01-27T16:18:40.376Z",
        "user": 1,
        "content_type": 10,
        "object_id": "2",
        "object_repr": "setgbffffff",
        "action_flag": 2,
        "change_message": "[]"
    }
},
{
    "model": "admin.logentry",
    "pk": 94,
    "fields": {
        "action_time": "2021-01-27T16:18:45.049Z",
        "user": 1,
        "content_type": 10,
        "object_id": "2",
        "object_repr": "setgbffffff",
        "action_flag": 2,
        "change_message": "[{\"changed\": {\"fields\": [\"Cart\"]}}]"
    }
},
{
    "model": "admin.logentry",
    "pk": 95,
    "fields": {
        "action_time": "2021-01-27T16:18:50.102Z",
        "user": 1,
        "content_type": 10,
        "object_id": "2",
        "object_repr": "setgbffffff",
        "action_flag": 2,
        "change_message": "[{\"changed\": {\"fields\": [\"Cart\"]}}]"
    }
},
{
    "model": "admin.logentry",
    "pk": 96,
    "fields": {
        "action_time": "2021-01-31T11:17:13.105Z",
        "user": 1,
        "content_type": 9,
        "object_id": "18",
        "object_repr": "18",
        "action_flag": 3,
        "change_message": ""
    }
},
{
    "model": "admin.logentry",
    "pk": 97,
    "fields": {
        "action_time": "2021-01-31T11:17:13.224Z",
        "user": 1,
        "content_type": 9,
        "object_id": "17",
        "object_repr": "17",
        "action_flag": 3,
        "change_message": ""
    }
},
{
    "model": "admin.logentry",
    "pk": 98,
    "fields": {
        "action_time": "2021-01-31T11:17:13.365Z",
        "user": 1,
        "content_type": 9,
        "object_id": "16",
        "object_repr": "16",
        "action_flag": 3,
        "change_message": ""
    }
},
{
    "model": "admin.logentry",
    "pk": 99,
    "fields": {
        "action_time": "2021-01-31T11:17:13.498Z",
        "user": 1,
        "content_type": 9,
        "object_id": "15",
        "object_repr": "15",
        "action_flag": 3,
        "change_message": ""
    }
},
{
    "model": "admin.logentry",
    "pk": 100,
    "fields": {
        "action_time": "2021-01-31T11:17:13.591Z",
        "user": 1,
        "content_type": 9,
        "object_id": "14",
        "object_repr": "14",
        "action_flag": 3,
        "change_message": ""
    }
},
{
    "model": "admin.logentry",
    "pk": 101,
    "fields": {
        "action_time": "2021-01-31T11:17:13.724Z",
        "user": 1,
        "content_type": 9,
        "object_id": "13",
        "object_repr": "13",
        "action_flag": 3,
        "change_message": ""
    }
},
{
    "model": "admin.logentry",
    "pk": 102,
    "fields": {
        "action_time": "2021-01-31T11:17:13.823Z",
        "user": 1,
        "content_type": 9,
        "object_id": "12",
        "object_repr": "12",
        "action_flag": 3,
        "change_message": ""
    }
},
{
    "model": "admin.logentry",
    "pk": 103,
    "fields": {
        "action_time": "2021-01-31T11:17:14.036Z",
        "user": 1,
        "content_type": 9,
        "object_id": "11",
        "object_repr": "11",
        "action_flag": 3,
        "change_message": ""
    }
},
{
    "model": "admin.logentry",
    "pk": 104,
    "fields": {
        "action_time": "2021-01-31T11:17:14.232Z",
        "user": 1,
        "content_type": 9,
        "object_id": "10",
        "object_repr": "10",
        "action_flag": 3,
        "change_message": ""
    }
},
{
    "model": "admin.logentry",
    "pk": 105,
    "fields": {
        "action_time": "2021-01-31T11:17:14.457Z",
        "user": 1,
        "content_type": 9,
        "object_id": "9",
        "object_repr": "9",
        "action_flag": 3,
        "change_message": ""
    }
},
{
    "model": "admin.logentry",
    "pk": 106,
    "fields": {
        "action_time": "2021-01-31T11:17:14.575Z",
        "user": 1,
        "content_type": 9,
        "object_id": "8",
        "object_repr": "8",
        "action_flag": 3,
        "change_message": ""
    }
},
{
    "model": "admin.logentry",
    "pk": 107,
    "fields": {
        "action_time": "2021-01-31T11:17:14.723Z",
        "user": 1,
        "content_type": 9,
        "object_id": "3",
        "object_repr": "3",
        "action_flag": 3,
        "change_message": ""
    }
},
{
    "model": "admin.logentry",
    "pk": 108,
    "fields": {
        "action_time": "2021-01-31T11:26:38.514Z",
        "user": 1,
        "content_type": 9,
        "object_id": "19",
        "object_repr": "19",
        "action_flag": 3,
        "change_message": ""
    }
},
{
    "model": "admin.logentry",
    "pk": 109,
    "fields": {
        "action_time": "2021-01-31T18:19:36.489Z",
        "user": 1,
        "content_type": 11,
        "object_id": "1",
        "object_repr": "ciccio.carlo@abc.com",
        "action_flag": 1,
        "change_message": "[{\"added\": {}}]"
    }
},
{
    "model": "admin.logentry",
    "pk": 110,
    "fields": {
        "action_time": "2021-01-31T18:22:48.810Z",
        "user": 1,
        "content_type": 4,
        "object_id": "3",
        "object_repr": "ciccio91",
        "action_flag": 1,
        "change_message": "[{\"added\": {}}]"
    }
},
{
    "model": "admin.logentry",
    "pk": 111,
    "fields": {
        "action_time": "2021-01-31T18:43:59.940Z",
        "user": 1,
        "content_type": 4,
        "object_id": "3",
        "object_repr": "ciccio91",
        "action_flag": 2,
        "change_message": "[{\"changed\": {\"fields\": [\"Email address\"]}}]"
    }
},
{
    "model": "admin.logentry",
    "pk": 112,
    "fields": {
        "action_time": "2021-02-03T18:34:51.697Z",
        "user": 1,
        "content_type": 9,
        "object_id": "24",
        "object_repr": "24",
        "action_flag": 3,
        "change_message": ""
    }
},
{
    "model": "admin.logentry",
    "pk": 113,
    "fields": {
        "action_time": "2021-02-03T18:34:51.829Z",
        "user": 1,
        "content_type": 9,
        "object_id": "23",
        "object_repr": "23",
        "action_flag": 3,
        "change_message": ""
    }
},
{
    "model": "admin.logentry",
    "pk": 114,
    "fields": {
        "action_time": "2021-02-03T18:34:51.929Z",
        "user": 1,
        "content_type": 9,
        "object_id": "22",
        "object_repr": "22",
        "action_flag": 3,
        "change_message": ""
    }
},
{
    "model": "admin.logentry",
    "pk": 115,
    "fields": {
        "action_time": "2021-02-03T18:34:52.057Z",
        "user": 1,
        "content_type": 9,
        "object_id": "21",
        "object_repr": "21",
        "action_flag": 3,
        "change_message": ""
    }
},
{
    "model": "admin.logentry",
    "pk": 116,
    "fields": {
        "action_time": "2021-02-03T18:34:52.179Z",
        "user": 1,
        "content_type": 9,
        "object_id": "20",
        "object_repr": "20",
        "action_flag": 3,
        "change_message": ""
    }
},
{
    "model": "admin.logentry",
    "pk": 117,
    "fields": {
        "action_time": "2021-02-04T11:29:38.709Z",
        "user": 1,
        "content_type": 11,
        "object_id": "3",
        "object_repr": "",
        "action_flag": 3,
        "change_message": ""
    }
},
{
    "model": "admin.logentry",
    "pk": 118,
    "fields": {
        "action_time": "2021-02-04T11:29:38.838Z",
        "user": 1,
        "content_type": 11,
        "object_id": "2",
        "object_repr": "",
        "action_flag": 3,
        "change_message": ""
    }
},
{
    "model": "admin.logentry",
    "pk": 119,
    "fields": {
        "action_time": "2021-02-04T11:31:33.794Z",
        "user": 1,
        "content_type": 11,
        "object_id": "4",
        "object_repr": "",
        "action_flag": 3,
        "change_message": ""
    }
},
{
    "model": "admin.logentry",
    "pk": 120,
    "fields": {
        "action_time": "2021-02-06T10:13:56.174Z",
        "user": 1,
        "content_type": 11,
        "object_id": "7",
        "object_repr": "tommaso@thesubmarine.it",
        "action_flag": 3,
        "change_message": ""
    }
},
{
    "model": "admin.logentry",
    "pk": 121,
    "fields": {
        "action_time": "2021-02-06T10:13:56.263Z",
        "user": 1,
        "content_type": 11,
        "object_id": "6",
        "object_repr": "",
        "action_flag": 3,
        "change_message": ""
    }
},
{
    "model": "admin.logentry",
    "pk": 122,
    "fields": {
        "action_time": "2021-02-06T10:13:56.337Z",
        "user": 1,
        "content_type": 11,
        "object_id": "5",
        "object_repr": "ciccio@gmail.com",
        "action_flag": 3,
        "change_message": ""
    }
},
{
    "model": "admin.logentry",
    "pk": 123,
    "fields": {
        "action_time": "2021-02-06T10:13:56.404Z",
        "user": 1,
        "content_type": 11,
        "object_id": "1",
        "object_repr": "ciccio.carlo@abc.com",
        "action_flag": 3,
        "change_message": ""
    }
},
{
    "model": "admin.logentry",
    "pk": 124,
    "fields": {
        "action_time": "2021-02-06T10:14:11.187Z",
        "user": 1,
        "content_type": 10,
        "object_id": "21",
        "object_repr": "wzbtkeuo33",
        "action_flag": 3,
        "change_message": ""
    }
},
{
    "model": "admin.logentry",
    "pk": 125,
    "fields": {
        "action_time": "2021-02-06T10:14:11.278Z",
        "user": 1,
        "content_type": 10,
        "object_id": "20",
        "object_repr": "2083h5935a",
        "action_flag": 3,
        "change_message": ""
    }
},
{
    "model": "admin.logentry",
    "pk": 126,
    "fields": {
        "action_time": "2021-02-06T10:14:11.379Z",
        "user": 1,
        "content_type": 10,
        "object_id": "19",
        "object_repr": "38p7aqt65p",
        "action_flag": 3,
        "change_message": ""
    }
},
{
    "model": "admin.logentry",
    "pk": 127,
    "fields": {
        "action_time": "2021-02-06T10:14:11.453Z",
        "user": 1,
        "content_type": 10,
        "object_id": "18",
        "object_repr": "1g54kt146o",
        "action_flag": 3,
        "change_message": ""
    }
},
{
    "model": "admin.logentry",
    "pk": 128,
    "fields": {
        "action_time": "2021-02-06T10:14:11.629Z",
        "user": 1,
        "content_type": 10,
        "object_id": "17",
        "object_repr": "r488tiwzls",
        "action_flag": 3,
        "change_message": ""
    }
},
{
    "model": "admin.logentry",
    "pk": 129,
    "fields": {
        "action_time": "2021-02-06T10:14:11.770Z",
        "user": 1,
        "content_type": 10,
        "object_id": "16",
        "object_repr": "ccscmfzajd",
        "action_flag": 3,
        "change_message": ""
    }
},
{
    "model": "admin.logentry",
    "pk": 130,
    "fields": {
        "action_time": "2021-02-06T10:14:11.912Z",
        "user": 1,
        "content_type": 10,
        "object_id": "15",
        "object_repr": "q3m2eitwit",
        "action_flag": 3,
        "change_message": ""
    }
},
{
    "model": "admin.logentry",
    "pk": 131,
    "fields": {
        "action_time": "2021-02-13T14:52:49.728Z",
        "user": 1,
        "content_type": 11,
        "object_id": "10",
        "object_repr": "tommaso@thesubmarine.it",
        "action_flag": 3,
        "change_message": ""
    }
},
{
    "model": "admin.logentry",
    "pk": 132,
    "fields": {
        "action_time": "2021-02-13T14:52:50.261Z",
        "user": 1,
        "content_type": 11,
        "object_id": "9",
        "object_repr": "jorge@virgilio.it",
        "action_flag": 3,
        "change_message": ""
    }
},
{
    "model": "admin.logentry",
    "pk": 133,
    "fields": {
        "action_time": "2021-02-13T14:52:51.902Z",
        "user": 1,
        "content_type": 11,
        "object_id": "8",
        "object_repr": "",
        "action_flag": 3,
        "change_message": ""
    }
},
{
    "model": "admin.logentry",
    "pk": 134,
    "fields": {
        "action_time": "2021-02-13T14:53:02.926Z",
        "user": 1,
        "content_type": 9,
        "object_id": "36",
        "object_repr": "36",
        "action_flag": 3,
        "change_message": ""
    }
},
{
    "model": "admin.logentry",
    "pk": 135,
    "fields": {
        "action_time": "2021-02-13T14:53:03.243Z",
        "user": 1,
        "content_type": 9,
        "object_id": "35",
        "object_repr": "35",
        "action_flag": 3,
        "change_message": ""
    }
},
{
    "model": "admin.logentry",
    "pk": 136,
    "fields": {
        "action_time": "2021-02-13T14:53:03.555Z",
        "user": 1,
        "content_type": 9,
        "object_id": "34",
        "object_repr": "34",
        "action_flag": 3,
        "change_message": ""
    }
},
{
    "model": "admin.logentry",
    "pk": 137,
    "fields": {
        "action_time": "2021-02-13T14:53:04.032Z",
        "user": 1,
        "content_type": 9,
        "object_id": "33",
        "object_repr": "33",
        "action_flag": 3,
        "change_message": ""
    }
},
{
    "model": "admin.logentry",
    "pk": 138,
    "fields": {
        "action_time": "2021-02-13T14:53:04.653Z",
        "user": 1,
        "content_type": 9,
        "object_id": "32",
        "object_repr": "32",
        "action_flag": 3,
        "change_message": ""
    }
},
{
    "model": "admin.logentry",
    "pk": 139,
    "fields": {
        "action_time": "2021-02-13T14:53:05.177Z",
        "user": 1,
        "content_type": 9,
        "object_id": "31",
        "object_repr": "31",
        "action_flag": 3,
        "change_message": ""
    }
},
{
    "model": "admin.logentry",
    "pk": 140,
    "fields": {
        "action_time": "2021-02-13T14:53:05.601Z",
        "user": 1,
        "content_type": 9,
        "object_id": "30",
        "object_repr": "30",
        "action_flag": 3,
        "change_message": ""
    }
},
{
    "model": "admin.logentry",
    "pk": 141,
    "fields": {
        "action_time": "2021-02-13T14:53:05.897Z",
        "user": 1,
        "content_type": 9,
        "object_id": "29",
        "object_repr": "29",
        "action_flag": 3,
        "change_message": ""
    }
},
{
    "model": "admin.logentry",
    "pk": 142,
    "fields": {
        "action_time": "2021-02-13T14:53:06.244Z",
        "user": 1,
        "content_type": 9,
        "object_id": "28",
        "object_repr": "28",
        "action_flag": 3,
        "change_message": ""
    }
},
{
    "model": "admin.logentry",
    "pk": 143,
    "fields": {
        "action_time": "2021-02-13T14:53:06.736Z",
        "user": 1,
        "content_type": 9,
        "object_id": "27",
        "object_repr": "27",
        "action_flag": 3,
        "change_message": ""
    }
},
{
    "model": "admin.logentry",
    "pk": 144,
    "fields": {
        "action_time": "2021-02-13T14:53:07.281Z",
        "user": 1,
        "content_type": 9,
        "object_id": "26",
        "object_repr": "26",
        "action_flag": 3,
        "change_message": ""
    }
},
{
    "model": "admin.logentry",
    "pk": 145,
    "fields": {
        "action_time": "2021-02-13T14:53:07.909Z",
        "user": 1,
        "content_type": 9,
        "object_id": "25",
        "object_repr": "25",
        "action_flag": 3,
        "change_message": ""
    }
},
{
    "model": "admin.logentry",
    "pk": 146,
    "fields": {
        "action_time": "2021-02-13T14:53:18.021Z",
        "user": 1,
        "content_type": 12,
        "object_id": "7",
        "object_repr": "tommaso@thesubmarine.it",
        "action_flag": 3,
        "change_message": ""
    }
},
{
    "model": "admin.logentry",
    "pk": 147,
    "fields": {
        "action_time": "2021-02-13T14:53:18.922Z",
        "user": 1,
        "content_type": 12,
        "object_id": "6",
        "object_repr": "tommaso@thesubmarine.it",
        "action_flag": 3,
        "change_message": ""
    }
},
{
    "model": "admin.logentry",
    "pk": 148,
    "fields": {
        "action_time": "2021-02-13T14:53:19.804Z",
        "user": 1,
        "content_type": 12,
        "object_id": "5",
        "object_repr": "tommaso@thesubmarine.it",
        "action_flag": 3,
        "change_message": ""
    }
},
{
    "model": "admin.logentry",
    "pk": 149,
    "fields": {
        "action_time": "2021-02-13T14:53:20.464Z",
        "user": 1,
        "content_type": 12,
        "object_id": "4",
        "object_repr": "jorge@virgilio.it",
        "action_flag": 3,
        "change_message": ""
    }
},
{
    "model": "admin.logentry",
    "pk": 150,
    "fields": {
        "action_time": "2021-02-13T14:53:20.847Z",
        "user": 1,
        "content_type": 12,
        "object_id": "3",
        "object_repr": "tommaso@thesubmarine.it",
        "action_flag": 3,
        "change_message": ""
    }
},
{
    "model": "admin.logentry",
    "pk": 151,
    "fields": {
        "action_time": "2021-02-13T14:53:21.254Z",
        "user": 1,
        "content_type": 12,
        "object_id": "2",
        "object_repr": "tommaso@thesubmarine.it",
        "action_flag": 3,
        "change_message": ""
    }
},
{
    "model": "admin.logentry",
    "pk": 152,
    "fields": {
        "action_time": "2021-02-13T14:53:21.688Z",
        "user": 1,
        "content_type": 12,
        "object_id": "1",
        "object_repr": "ciccio@gmail.com",
        "action_flag": 3,
        "change_message": ""
    }
},
{
    "model": "admin.logentry",
    "pk": 153,
    "fields": {
        "action_time": "2021-03-17T22:41:38.056Z",
        "user": 1,
        "content_type": 9,
        "object_id": "46",
        "object_repr": "46",
        "action_flag": 3,
        "change_message": ""
    }
},
{
    "model": "admin.logentry",
    "pk": 154,
    "fields": {
        "action_time": "2021-03-17T22:41:38.230Z",
        "user": 1,
        "content_type": 9,
        "object_id": "45",
        "object_repr": "45",
        "action_flag": 3,
        "change_message": ""
    }
},
{
    "model": "admin.logentry",
    "pk": 155,
    "fields": {
        "action_time": "2021-03-17T22:41:38.368Z",
        "user": 1,
        "content_type": 9,
        "object_id": "44",
        "object_repr": "44",
        "action_flag": 3,
        "change_message": ""
    }
},
{
    "model": "admin.logentry",
    "pk": 156,
    "fields": {
        "action_time": "2021-03-17T22:41:38.518Z",
        "user": 1,
        "content_type": 9,
        "object_id": "43",
        "object_repr": "43",
        "action_flag": 3,
        "change_message": ""
    }
},
{
    "model": "admin.logentry",
    "pk": 157,
    "fields": {
        "action_time": "2021-03-17T22:41:38.710Z",
        "user": 1,
        "content_type": 9,
        "object_id": "42",
        "object_repr": "42",
        "action_flag": 3,
        "change_message": ""
    }
},
{
    "model": "admin.logentry",
    "pk": 158,
    "fields": {
        "action_time": "2021-03-17T22:41:38.843Z",
        "user": 1,
        "content_type": 9,
        "object_id": "41",
        "object_repr": "41",
        "action_flag": 3,
        "change_message": ""
    }
},
{
    "model": "admin.logentry",
    "pk": 159,
    "fields": {
        "action_time": "2021-03-17T22:41:39.002Z",
        "user": 1,
        "content_type": 9,
        "object_id": "40",
        "object_repr": "40",
        "action_flag": 3,
        "change_message": ""
    }
},
{
    "model": "admin.logentry",
    "pk": 160,
    "fields": {
        "action_time": "2021-03-17T22:41:39.298Z",
        "user": 1,
        "content_type": 9,
        "object_id": "39",
        "object_repr": "39",
        "action_flag": 3,
        "change_message": ""
    }
},
{
    "model": "admin.logentry",
    "pk": 161,
    "fields": {
        "action_time": "2021-03-17T22:41:39.505Z",
        "user": 1,
        "content_type": 9,
        "object_id": "38",
        "object_repr": "38",
        "action_flag": 3,
        "change_message": ""
    }
},
{
    "model": "admin.logentry",
    "pk": 162,
    "fields": {
        "action_time": "2021-03-17T22:41:39.739Z",
        "user": 1,
        "content_type": 9,
        "object_id": "37",
        "object_repr": "37",
        "action_flag": 3,
        "change_message": ""
    }
},
{
    "model": "admin.logentry",
    "pk": 163,
    "fields": {
        "action_time": "2023-10-21T20:17:53.162Z",
        "user": 1,
        "content_type": 7,
        "object_id": "4",
        "object_repr": "t shirt",
        "action_flag": 2,
        "change_message": "[]"
    }
},
{
    "model": "admin.logentry",
    "pk": 164,
    "fields": {
        "action_time": "2023-10-21T20:20:28.256Z",
        "user": 1,
        "content_type": 7,
        "object_id": "3",
        "object_repr": "computer",
        "action_flag": 2,
        "change_message": "[{\"changed\": {\"fields\": [\"Image\"]}}]"
    }
},
{
    "model": "admin.logentry",
    "pk": 165,
    "fields": {
        "action_time": "2023-10-21T20:20:46.111Z",
        "user": 1,
        "content_type": 7,
        "object_id": "4",
        "object_repr": "t shirt",
        "action_flag": 2,
        "change_message": "[{\"changed\": {\"fields\": [\"Image\"]}}]"
    }
},
{
    "model": "admin.logentry",
    "pk": 166,
    "fields": {
        "action_time": "2023-10-21T20:20:57.689Z",
        "user": 1,
        "content_type": 7,
        "object_id": "2",
        "object_repr": "t shirt",
        "action_flag": 2,
        "change_message": "[{\"changed\": {\"fields\": [\"Image\"]}}]"
    }
},
{
    "model": "admin.logentry",
    "pk": 167,
    "fields": {
        "action_time": "2023-10-21T20:21:15.329Z",
        "user": 1,
        "content_type": 7,
        "object_id": "1",
        "object_repr": "hat",
        "action_flag": 2,
        "change_message": "[{\"changed\": {\"fields\": [\"Image\"]}}]"
    }
},
{
    "model": "auth.permission",
    "pk": 1,
    "fields": {
        "name": "Can add log entry",
        "content_type": 1,
        "codename": "add_logentry"
    }
},
{
    "model": "auth.permission",
    "pk": 2,
    "fields": {
        "name": "Can change log entry",
        "content_type": 1,
        "codename": "change_logentry"
    }
},
{
    "model": "auth.permission",
    "pk": 3,
    "fields": {
        "name": "Can delete log entry",
        "content_type": 1,
        "codename": "delete_logentry"
    }
},
{
    "model": "auth.permission",
    "pk": 4,
    "fields": {
        "name": "Can view log entry",
        "content_type": 1,
        "codename": "view_logentry"
    }
},
{
    "model": "auth.permission",
    "pk": 5,
    "fields": {
        "name": "Can add permission",
        "content_type": 2,
        "codename": "add_permission"
    }
},
{
    "model": "auth.permission",
    "pk": 6,
    "fields": {
        "name": "Can change permission",
        "content_type": 2,
        "codename": "change_permission"
    }
},
{
    "model": "auth.permission",
    "pk": 7,
    "fields": {
        "name": "Can delete permission",
        "content_type": 2,
        "codename": "delete_permission"
    }
},
{
    "model": "auth.permission",
    "pk": 8,
    "fields": {
        "name": "Can view permission",
        "content_type": 2,
        "codename": "view_permission"
    }
},
{
    "model": "auth.permission",
    "pk": 9,
    "fields": {
        "name": "Can add group",
        "content_type": 3,
        "codename": "add_group"
    }
},
{
    "model": "auth.permission",
    "pk": 10,
    "fields": {
        "name": "Can change group",
        "content_type": 3,
        "codename": "change_group"
    }
},
{
    "model": "auth.permission",
    "pk": 11,
    "fields": {
        "name": "Can delete group",
        "content_type": 3,
        "codename": "delete_group"
    }
},
{
    "model": "auth.permission",
    "pk": 12,
    "fields": {
        "name": "Can view group",
        "content_type": 3,
        "codename": "view_group"
    }
},
{
    "model": "auth.permission",
    "pk": 13,
    "fields": {
        "name": "Can add user",
        "content_type": 4,
        "codename": "add_user"
    }
},
{
    "model": "auth.permission",
    "pk": 14,
    "fields": {
        "name": "Can change user",
        "content_type": 4,
        "codename": "change_user"
    }
},
{
    "model": "auth.permission",
    "pk": 15,
    "fields": {
        "name": "Can delete user",
        "content_type": 4,
        "codename": "delete_user"
    }
},
{
    "model": "auth.permission",
    "pk": 16,
    "fields": {
        "name": "Can view user",
        "content_type": 4,
        "codename": "view_user"
    }
},
{
    "model": "auth.permission",
    "pk": 17,
    "fields": {
        "name": "Can add content type",
        "content_type": 5,
        "codename": "add_contenttype"
    }
},
{
    "model": "auth.permission",
    "pk": 18,
    "fields": {
        "name": "Can change content type",
        "content_type": 5,
        "codename": "change_contenttype"
    }
},
{
    "model": "auth.permission",
    "pk": 19,
    "fields": {
        "name": "Can delete content type",
        "content_type": 5,
        "codename": "delete_contenttype"
    }
},
{
    "model": "auth.permission",
    "pk": 20,
    "fields": {
        "name": "Can view content type",
        "content_type": 5,
        "codename": "view_contenttype"
    }
},
{
    "model": "auth.permission",
    "pk": 21,
    "fields": {
        "name": "Can add session",
        "content_type": 6,
        "codename": "add_session"
    }
},
{
    "model": "auth.permission",
    "pk": 22,
    "fields": {
        "name": "Can change session",
        "content_type": 6,
        "codename": "change_session"
    }
},
{
    "model": "auth.permission",
    "pk": 23,
    "fields": {
        "name": "Can delete session",
        "content_type": 6,
        "codename": "delete_session"
    }
},
{
    "model": "auth.permission",
    "pk": 24,
    "fields": {
        "name": "Can view session",
        "content_type": 6,
        "codename": "view_session"
    }
},
{
    "model": "auth.permission",
    "pk": 25,
    "fields": {
        "name": "Can add product",
        "content_type": 7,
        "codename": "add_product"
    }
},
{
    "model": "auth.permission",
    "pk": 26,
    "fields": {
        "name": "Can change product",
        "content_type": 7,
        "codename": "change_product"
    }
},
{
    "model": "auth.permission",
    "pk": 27,
    "fields": {
        "name": "Can delete product",
        "content_type": 7,
        "codename": "delete_product"
    }
},
{
    "model": "auth.permission",
    "pk": 28,
    "fields": {
        "name": "Can view product",
        "content_type": 7,
        "codename": "view_product"
    }
},
{
    "model": "auth.permission",
    "pk": 29,
    "fields": {
        "name": "Can add tag",
        "content_type": 8,
        "codename": "add_tag"
    }
},
{
    "model": "auth.permission",
    "pk": 30,
    "fields": {
        "name": "Can change tag",
        "content_type": 8,
        "codename": "change_tag"
    }
},
{
    "model": "auth.permission",
    "pk": 31,
    "fields": {
        "name": "Can delete tag",
        "content_type": 8,
        "codename": "delete_tag"
    }
},
{
    "model": "auth.permission",
    "pk": 32,
    "fields": {
        "name": "Can view tag",
        "content_type": 8,
        "codename": "view_tag"
    }
},
{
    "model": "auth.permission",
    "pk": 33,
    "fields": {
        "name": "Can add cart",
        "content_type": 9,
        "codename": "add_cart"
    }
},
{
    "model": "auth.permission",
    "pk": 34,
    "fields": {
        "name": "Can change cart",
        "content_type": 9,
        "codename": "change_cart"
    }
},
{
    "model": "auth.permission",
    "pk": 35,
    "fields": {
        "name": "Can delete cart",
        "content_type": 9,
        "codename": "delete_cart"
    }
},
{
    "model": "auth.permission",
    "pk": 36,
    "fields": {
        "name": "Can view cart",
        "content_type": 9,
        "codename": "view_cart"
    }
},
{
    "model": "auth.permission",
    "pk": 37,
    "fields": {
        "name": "Can add order",
        "content_type": 10,
        "codename": "add_order"
    }
},
{
    "model": "auth.permission",
    "pk": 38,
    "fields": {
        "name": "Can change order",
        "content_type": 10,
        "codename": "change_order"
    }
},
{
    "model": "auth.permission",
    "pk": 39,
    "fields": {
        "name": "Can delete order",
        "content_type": 10,
        "codename": "delete_order"
    }
},
{
    "model": "auth.permission",
    "pk": 40,
    "fields": {
        "name": "Can view order",
        "content_type": 10,
        "codename": "view_order"
    }
},
{
    "model": "auth.permission",
    "pk": 41,
    "fields": {
        "name": "Can add billing profile",
        "content_type": 11,
        "codename": "add_billingprofile"
    }
},
{
    "model": "auth.permission",
    "pk": 42,
    "fields": {
        "name": "Can change billing profile",
        "content_type": 11,
        "codename": "change_billingprofile"
    }
},
{
    "model": "auth.permission",
    "pk": 43,
    "fields": {
        "name": "Can delete billing profile",
        "content_type": 11,
        "codename": "delete_billingprofile"
    }
},
{
    "model": "auth.permission",
    "pk": 44,
    "fields": {
        "name": "Can view billing profile",
        "content_type": 11,
        "codename": "view_billingprofile"
    }
},
{
    "model": "auth.permission",
    "pk": 45,
    "fields": {
        "name": "Can add guest email",
        "content_type": 12,
        "codename": "add_guestemail"
    }
},
{
    "model": "auth.permission",
    "pk": 46,
    "fields": {
        "name": "Can change guest email",
        "content_type": 12,
        "codename": "change_guestemail"
    }
},
{
    "model": "auth.permission",
    "pk": 47,
    "fields": {
        "name": "Can delete guest email",
        "content_type": 12,
        "codename": "delete_guestemail"
    }
},
{
    "model": "auth.permission",
    "pk": 48,
    "fields": {
        "name": "Can view guest email",
        "content_type": 12,
        "codename": "view_guestemail"
    }
},
{
    "model": "auth.permission",
    "pk": 49,
    "fields": {
        "name": "Can add address",
        "content_type": 13,
        "codename": "add_address"
    }
},
{
    "model": "auth.permission",
    "pk": 50,
    "fields": {
        "name": "Can change address",
        "content_type": 13,
        "codename": "change_address"
    }
},
{
    "model": "auth.permission",
    "pk": 51,
    "fields": {
        "name": "Can delete address",
        "content_type": 13,
        "codename": "delete_address"
    }
},
{
    "model": "auth.permission",
    "pk": 52,
    "fields": {
        "name": "Can view address",
        "content_type": 13,
        "codename": "view_address"
    }
},
{
    "model": "auth.permission",
    "pk": 53,
    "fields": {
        "name": "Can add user",
        "content_type": 14,
        "codename": "add_user"
    }
},
{
    "model": "auth.permission",
    "pk": 54,
    "fields": {
        "name": "Can change user",
        "content_type": 14,
        "codename": "change_user"
    }
},
{
    "model": "auth.permission",
    "pk": 55,
    "fields": {
        "name": "Can delete user",
        "content_type": 14,
        "codename": "delete_user"
    }
},
{
    "model": "auth.permission",
    "pk": 56,
    "fields": {
        "name": "Can view user",
        "content_type": 14,
        "codename": "view_user"
    }
},
{
    "model": "auth.permission",
    "pk": 57,
    "fields": {
        "name": "Can add profile",
        "content_type": 15,
        "codename": "add_profile"
    }
},
{
    "model": "auth.permission",
    "pk": 58,
    "fields": {
        "name": "Can change profile",
        "content_type": 15,
        "codename": "change_profile"
    }
},
{
    "model": "auth.permission",
    "pk": 59,
    "fields": {
        "name": "Can delete profile",
        "content_type": 15,
        "codename": "delete_profile"
    }
},
{
    "model": "auth.permission",
    "pk": 60,
    "fields": {
        "name": "Can view profile",
        "content_type": 15,
        "codename": "view_profile"
    }
},
{
    "model": "contenttypes.contenttype",
    "pk": 1,
    "fields": {
        "app_label": "admin",
        "model": "logentry"
    }
},
{
    "model": "contenttypes.contenttype",
    "pk": 2,
    "fields": {
        "app_label": "auth",
        "model": "permission"
    }
},
{
    "model": "contenttypes.contenttype",
    "pk": 3,
    "fields": {
        "app_label": "auth",
        "model": "group"
    }
},
{
    "model": "contenttypes.contenttype",
    "pk": 4,
    "fields": {
        "app_label": "auth",
        "model": "user"
    }
},
{
    "model": "contenttypes.contenttype",
    "pk": 5,
    "fields": {
        "app_label": "contenttypes",
        "model": "contenttype"
    }
},
{
    "model": "contenttypes.contenttype",
    "pk": 6,
    "fields": {
        "app_label": "sessions",
        "model": "session"
    }
},
{
    "model": "contenttypes.contenttype",
    "pk": 7,
    "fields": {
        "app_label": "products",
        "model": "product"
    }
},
{
    "model": "contenttypes.contenttype",
    "pk": 8,
    "fields": {
        "app_label": "tags",
        "model": "tag"
    }
},
{
    "model": "contenttypes.contenttype",
    "pk": 9,
    "fields": {
        "app_label": "carts",
        "model": "cart"
    }
},
{
    "model": "contenttypes.contenttype",
    "pk": 10,
    "fields": {
        "app_label": "orders",
        "model": "order"
    }
},
{
    "model": "contenttypes.contenttype",
    "pk": 11,
    "fields": {
        "app_label": "billing",
        "model": "billingprofile"
    }
},
{
    "model": "contenttypes.contenttype",
    "pk": 12,
    "fields": {
        "app_label": "accounts",
        "model": "guestemail"
    }
},
{
    "model": "contenttypes.contenttype",
    "pk": 13,
    "fields": {
        "app_label": "addresses",
        "model": "address"
    }
},
{
    "model": "contenttypes.contenttype",
    "pk": 14,
    "fields": {
        "app_label": "accounts",
        "model": "user"
    }
},
{
    "model": "contenttypes.contenttype",
    "pk": 15,
    "fields": {
        "app_label": "accounts",
        "model": "profile"
    }
},
{
    "model": "sessions.session",
    "pk": "89p2xqbos66k73rjsr598mh8qs4n6ibf",
    "fields": {
        "session_data": "e30:1kw5Rl:kcJiXP4y-CCgCYfGkhraBJ9yHo35Ic9Ykk_WausbCCw",
        "expire_date": "2021-01-17T15:37:33.593Z"
    }
},
{
    "model": "sessions.session",
    "pk": "b84buu6j3b0y6wnk38qdrk3unkm9d1jg",
    "fields": {
        "session_data": ".eJxVjEEOwiAURO_C2hBakIhL956BzP8fpGogKe3KeHdt0oVu5703LxWxLiWuPc1xEnVWgzr8bgR-pLoBuaPemuZWl3kivSl6p11fm6TnZXf_Dgp6-dZpBIU8jNZ6Z9nAp-DJ-JPnBLJ8DM5CiGEoC0GYswvIGeSCYThW7w8IiTnF:1kw5le:qEQIsNUaEqMC6TmSXwsGj37kLTfGZRHC0VOXg_ugWqM",
        "expire_date": "2021-01-17T15:58:06.035Z"
    }
},
{
    "model": "sessions.session",
    "pk": "cyszy4k7lcty6jgjlo3mal33qrkq931c",
    "fields": {
        "session_data": ".eJxVTksKgzAQvUvWJTjEZBKX3fcMYZyM1X4UTFyV3r0RLLRv9768l4q0lTFuWdY4JdUpUKdfrSe-y7wb6UbzddG8zGWder1H9OFmfVmSPM5H9m9gpDzWNoNxxmAFhcGCoHEtepbUNgyJnHVig2f0PQccMDkHHsQEJE4QGqyjTGuJU5FnVh18aX1m_fsDUwJAMQ:1r2bGV:aRco7LZG0kyXbh_bNf4PEo9Z5aUjYoZzJaJLP5eYE_c",
        "expire_date": "2023-11-27T18:02:27.471Z"
    }
},
{
    "model": "sessions.session",
    "pk": "rcjp3vs1704div5kdidag954efapw5qk",
    "fields": {
        "session_data": "eyJjYXJ0X2lkIjo1OX0:1rAeWx:t45tauwE35HOgZgGdOi_vihr_DpJg15DooqbHoQZoD0",
        "expire_date": "2023-12-19T23:08:43.024Z"
    }
},
{
    "model": "sessions.session",
    "pk": "rgowjjekesfhcbod5wegttues0n7lr7v",
    "fields": {
        "session_data": ".eJxVjksOwjAQQ--SNYrSJkSEJXvOEHkmE1o-rdSkK8TdaVGRYGn72fJTRcy1i3ORKfZJHVWjdr8egW8yrEG6YriMmsehTj3pFdFbWvR5THI_bezfQIfSLW1pQSE3rbXeWTbwEjwZf_AsIMv74CwSMQzlREjM2QXkDHLBMBwvo4ypfj62zVdUeZRFv97U3EKv:1l6Avm:8klacYBDPF4_U4vo32O2-Rjvl7rveKnGqGU7lfY5j98",
        "expire_date": "2021-02-14T11:30:14.188Z"
    }
},
{
    "model": "sessions.session",
    "pk": "t3gyip3tv1ugeo3nutqjilgy4ze1nl6h",
    "fields": {
        "session_data": "eyJjYXJ0X2lkIjo0MywiY2FydF9pdGVtcyI6MSwiZ3Vlc3RfZW1haWxfaWQiOjEzfQ:1lAzcc:64s8V9r9Eje6RwK8mYur23sz7yjXA5N2yEBfYPznc5Q",
        "expire_date": "2021-02-27T18:26:22.069Z"
    }
},
{
    "model": "sessions.session",
    "pk": "y5yqcc40ihotoc4xwpw2z46c2yettlkb",
    "fields": {
        "session_data": ".eJxVjDsOgzAQBe_iOrIMdqyYMn3OYL1drwP5gIRNhXL3gESRtG_mzaoiltrHpcgch6Q61ajT70bgp4w7SA-M90nzNNZ5IL0r-qBF36Ykr-vh_gV6lH57SwsKuWmt9c6ygZfgyfiLZwFZPgdnkYhhKCdCYs4uIGeQC4bheIsy5hqHKu-iOvP5ApGEPso:1lNfSw:fsBoYaRAKRJuhA1VPDeh41mbzRsvyIKtWinFLqvoh5s",
        "expire_date": "2021-04-03T17:32:46.133Z"
    }
}
]
